day_of_week,time
Wednesday,07:10:35
Friday,15:00:26
Wednesday,17:14:31
Friday,21:31:25
Wednesday,22:53:58
Tuesday,16:59:25
Tuesday,17:11:40
Saturday,08:35:54
Monday,21:22:37
Friday,05:44:51
Friday,02:58:30
Wednesday,18:11:50
Wednesday,21:02:37
Tuesday,21:20:43
Monday,02:37:38
Friday,12:01:58
Wednesday,21:02:54
Saturday,03:41:08
Wednesday,21:10:57
Monday,15:22:59
Tuesday,15:50:15
Tuesday,03:05:47
Wednesday,16:45:26
Sunday,02:56:06
Monday,02:55:53
Monday,23:14:24
Thursday,15:46:56
Wednesday,21:25:45
Saturday,23:57:34
Sunday,00:29:47
Friday,01:47:53
Friday,00:27:49
Friday,16:41:26
Monday,17:52:55
Saturday,23:45:12
Saturday,14:09:06
Sunday,01:10:45
Tuesday,15:57:27
Saturday,04:26:23
Sunday,17:13:16
Thursday,20:24:22
Thursday,01:59:13
Monday,23:19:29
Tuesday,15:54:15
Wednesday,21:28:01
Sunday,20:33:23
Sunday,23:22:31
Wednesday,15:23:00
Wednesday,15:01:24
Sunday,21:57:35
Thursday,10:05:42
Wednesday,18:27:59
Monday,18:14:03
Friday,14:26:41
Monday,01:14:29
Sunday,15:13:02
Thursday,18:46:50
Friday,01:08:31
Tuesday,17:47:48
Tuesday,18:21:58
Saturday,02:22:36
Thursday,18:41:54
Saturday,17:35:13
Sunday,08:38:07
Wednesday,01:54:39
Friday,13:45:22
Monday,17:31:42
Monday,18:25:44
Tuesday,20:42:33
Monday,03:27:23
Wednesday,15:45:30
Wednesday,20:21:41
Saturday,03:17:19
Friday,18:12:08
Wednesday,17:07:50
Monday,08:40:08
Monday,01:02:07
Wednesday,16:41:20
Saturday,09:20:31
Monday,00:40:07
Tuesday,22:10:09
Tuesday,23:23:08
Monday,02:32:12
Tuesday,01:49:04
Tuesday,18:43:12
Monday,23:32:01
Wednesday,06:30:54
Friday,00:46:40
Saturday,16:01:50
Friday,20:04:42
Wednesday,15:17:00
Monday,23:50:26
Sunday,15:24:56
Friday,09:04:59
Sunday,22:32:17
Friday,14:16:47
Sunday,16:28:35
Wednesday,03:57:17
Thursday,00:58:59
Monday,03:28:28
Friday,23:30:41
Saturday,16:36:14
Wednesday,20:57:32
Monday,20:12:54
Wednesday,02:49:01
Wednesday,12:22:08
Tuesday,17:48:27
Sunday,22:43:19
Monday,06:06:44
Sunday,17:17:45
Sunday,21:40:09
Tuesday,07:10:22
Saturday,22:13:58
Wednesday,21:02:11
Wednesday,09:24:43
Friday,21:22:23
Friday,02:43:37
Tuesday,20:04:34
Wednesday,15:05:12
Thursday,18:17:56
Tuesday,21:45:22
Monday,23:23:17
Monday,08:46:32
Wednesday,01:32:25
Thursday,20:32:20
Saturday,00:17:40
Saturday,15:20:38
Sunday,22:03:14
Thursday,09:27:16
Friday,20:26:05
Saturday,06:37:58
Saturday,02:35:14
Monday,05:09:45
Friday,02:53:23
Sunday,08:33:46
Thursday,07:28:43
Saturday,13:21:51
Saturday,19:10:39
Monday,00:51:20
Monday,17:14:22
Wednesday,12:12:52
Friday,12:56:16
Thursday,05:52:11
Saturday,02:23:33
Friday,17:57:34
Friday,03:27:54
Tuesday,19:32:25
Friday,04:38:18
Friday,11:12:48
Tuesday,00:07:30
Monday,00:40:18
Wednesday,15:23:40
Sunday,15:27:15
Sunday,04:30:19
Monday,21:23:56
Thursday,18:26:10
Friday,21:23:32
Tuesday,22:20:37
Saturday,06:42:24
Saturday,00:15:50
Tuesday,13:04:49
Wednesday,12:08:33
Friday,18:00:53
Tuesday,17:37:43
Friday,03:27:13
Monday,07:30:06
Monday,13:34:47
Thursday,16:28:10
Thursday,20:55:05
Saturday,18:05:17
Tuesday,22:06:41
Monday,23:06:56
Wednesday,17:02:54
Thursday,11:32:19
Friday,13:16:25
Monday,16:03:07
Tuesday,20:43:00
Thursday,22:22:36
Tuesday,12:21:55
Wednesday,19:39:42
Friday,14:27:14
Sunday,04:00:00
Saturday,04:05:29
Thursday,02:03:38
Monday,23:18:17
Saturday,21:03:28
Thursday,16:22:18
Saturday,20:09:41
Friday,08:40:14
Thursday,07:46:58
Friday,03:17:33
Thursday,04:38:22
Tuesday,15:35:04
Tuesday,15:26:03
Thursday,11:55:56
Sunday,04:59:26
Wednesday,13:12:13
Friday,15:08:12
Sunday,01:36:19
Saturday,21:16:50
Friday,02:40:27
Saturday,04:37:34
Saturday,19:31:51
Wednesday,18:34:03
Saturday,22:48:45
Monday,15:35:49
Saturday,13:47:43
Wednesday,21:42:16
Thursday,18:06:09
Thursday,22:48:39
Saturday,11:11:45
Tuesday,23:01:53
Saturday,17:59:53
Saturday,19:37:41
Monday,06:57:19
Tuesday,20:10:17
Thursday,17:35:56
Tuesday,01:49:24
Saturday,21:20:59
Saturday,06:06:42
Sunday,16:04:24
Sunday,19:43:38
Tuesday,12:32:10
Sunday,03:43:54
Sunday,19:52:40
Saturday,19:44:07
Tuesday,19:38:40
Sunday,04:12:22
Monday,20:03:40
Tuesday,18:32:25
Tuesday,17:20:24
Wednesday,15:05:41
Tuesday,20:56:01
Thursday,03:50:08
Tuesday,04:03:25
Friday,08:01:30
Tuesday,23:58:07
Tuesday,01:52:05
Friday,02:29:57
Monday,13:36:03
Friday,18:25:15
Tuesday,22:31:13
Thursday,22:01:36
Friday,19:13:24
Saturday,04:34:08
Wednesday,06:42:04
Thursday,17:18:07
Sunday,08:52:58
Sunday,01:13:23
Monday,22:55:18
Thursday,16:55:41
Monday,17:39:14
Sunday,02:25:08
Saturday,20:14:43
Sunday,15:05:55
Thursday,22:18:21
Tuesday,13:33:20
Tuesday,16:06:15
Wednesday,05:43:08
Sunday,00:12:19
Tuesday,03:01:35
Tuesday,23:21:33
Saturday,00:59:55
Monday,17:30:31
Thursday,16:11:15
Tuesday,13:38:08
Tuesday,17:24:23
Sunday,02:26:30
Wednesday,20:24:58
Wednesday,03:14:58
Sunday,11:43:03
Tuesday,04:23:53
Tuesday,19:42:45
Friday,12:21:01
Friday,13:22:04
Wednesday,13:41:09
Wednesday,08:48:29
Wednesday,22:42:42
Saturday,17:10:18
Tuesday,21:56:59
Wednesday,20:01:49
Wednesday,18:51:08
Wednesday,19:10:19
Monday,20:39:13
Monday,15:31:38
Monday,03:32:25
Wednesday,04:10:20
Friday,14:42:52
Sunday,16:55:22
Wednesday,21:23:53
Monday,00:30:25
Tuesday,03:44:28
Friday,00:02:55
Saturday,02:58:54
Tuesday,00:16:44
Monday,10:58:09
Saturday,09:52:15
Sunday,02:43:09
Thursday,19:41:11
Thursday,21:14:37
Tuesday,00:54:54
Friday,07:40:27
Monday,13:10:36
Thursday,18:00:26
Tuesday,06:29:09
Friday,14:24:50
Monday,21:13:38
Tuesday,00:37:40
Wednesday,21:01:20
Saturday,21:49:59
Monday,22:32:48
Friday,08:01:40
Wednesday,16:21:53
Wednesday,21:27:32
Saturday,02:47:54
Wednesday,21:03:43
Wednesday,16:46:51
Sunday,10:49:03
Tuesday,21:05:44
Saturday,01:31:52
Wednesday,18:48:51
Thursday,17:42:25
Monday,04:21:04
Thursday,17:27:55
Sunday,03:35:29
Wednesday,14:49:42
Wednesday,18:04:49
Wednesday,02:02:31
Tuesday,18:46:59
Thursday,23:27:08
Wednesday,18:58:35
Tuesday,02:49:42
Friday,14:48:32
Thursday,19:34:05
Tuesday,01:48:02
Monday,07:56:42
Sunday,20:23:17
Saturday,22:06:22
Saturday,02:22:10
Saturday,00:22:23
Thursday,14:22:53
Monday,14:03:59
Wednesday,14:42:25
Tuesday,11:41:07
Saturday,20:21:11
Friday,18:37:39
Tuesday,19:52:07
Thursday,13:22:38
Thursday,21:47:22
Monday,08:58:19
Thursday,11:26:00
Thursday,22:50:59
Friday,06:17:02
Wednesday,09:42:48
Friday,12:00:53
Friday,21:37:36
Saturday,20:33:53
Thursday,15:14:29
Saturday,16:01:07
Friday,07:32:35
Tuesday,11:11:34
Sunday,16:38:04
Tuesday,00:52:43
Thursday,14:28:17
Wednesday,19:05:49
Saturday,18:07:46
Tuesday,21:48:01
Wednesday,11:41:30
Monday,22:40:29
Saturday,02:38:14
Tuesday,14:02:08
Thursday,10:44:37
Wednesday,01:47:09
Thursday,21:56:58
Friday,03:05:42
Friday,20:22:26
Monday,01:03:27
Monday,11:41:37
Tuesday,20:43:04
Tuesday,20:43:19
Friday,05:00:00
Tuesday,02:53:06
Tuesday,11:04:44
Thursday,19:09:27
Saturday,13:47:21
Sunday,16:25:27
Wednesday,20:29:06
Wednesday,23:05:16
Saturday,12:34:32
Monday,21:17:09
Monday,17:57:24
Tuesday,17:39:24
Wednesday,05:34:23
Monday,23:08:25
Monday,09:39:42
Wednesday,01:20:19
Wednesday,17:42:42
Saturday,09:22:39
Sunday,22:07:01
Tuesday,21:31:28
Thursday,01:29:44
Sunday,08:56:31
Thursday,17:45:36
Thursday,18:41:26
Wednesday,22:43:15
Sunday,21:39:40
Monday,05:24:50
Friday,00:01:30
Saturday,17:33:33
Wednesday,02:12:15
Monday,23:37:49
Friday,02:40:52
Friday,19:43:01
Monday,23:41:08
Thursday,18:43:14
Friday,01:58:51
Monday,23:26:14
Saturday,18:10:00
Tuesday,20:54:17
Tuesday,21:47:06
Saturday,23:38:45
Tuesday,11:41:39
Wednesday,20:46:26
Sunday,14:57:53
Wednesday,21:55:27
Monday,23:31:00
Thursday,13:20:00
Tuesday,15:54:47
Wednesday,18:51:03
Sunday,12:20:21
Wednesday,02:56:04
Wednesday,14:23:15
Wednesday,11:01:59
Friday,13:49:43
Wednesday,03:08:23
Tuesday,00:28:47
Sunday,16:44:00
Friday,22:35:38
Saturday,10:09:07
Friday,20:23:24
Thursday,13:41:49
Thursday,23:22:25
Wednesday,12:02:17
Wednesday,22:01:48
Monday,12:01:47
Friday,13:00:22
Monday,11:57:34
Monday,22:27:05
Monday,21:36:09
Friday,23:00:45
Friday,06:01:48
Sunday,03:26:23
Saturday,02:33:20
Saturday,17:57:03
Tuesday,00:49:35
Monday,17:34:17
Wednesday,21:51:04
Friday,14:28:01
Friday,01:09:52
Monday,22:44:19
Tuesday,23:21:00
Monday,06:56:35
Saturday,12:39:44
Saturday,21:03:06
Sunday,06:46:20
Tuesday,22:34:47
Tuesday,01:12:33
Thursday,18:59:50
Saturday,17:05:26
Saturday,23:15:07
Tuesday,11:40:11
Monday,03:46:39
Tuesday,16:12:43
Monday,06:50:32
Friday,21:22:49
Monday,02:32:52
Tuesday,17:10:33
Monday,10:52:51
Thursday,18:04:20
Thursday,00:08:46
Sunday,21:05:41
Tuesday,16:44:56
Sunday,18:32:02
Monday,12:42:01
Monday,00:12:52
Thursday,19:52:47
Tuesday,17:48:02
Tuesday,18:33:30
Wednesday,16:35:47
Wednesday,20:05:12
Sunday,04:01:34
Sunday,23:23:45
Monday,17:21:52
Wednesday,08:48:15
Thursday,19:35:08
Monday,03:47:22
Wednesday,12:01:12
Thursday,16:30:54
Friday,08:05:08
Tuesday,21:29:56
Thursday,00:03:47
Wednesday,22:18:51
Tuesday,04:01:51
Tuesday,22:28:27
Saturday,16:42:54
Monday,18:34:51
Tuesday,18:13:40
Thursday,12:43:46
Sunday,07:04:01
Monday,20:41:06
Friday,11:12:02
Friday,09:47:55
Tuesday,02:52:29
Saturday,21:36:30
Wednesday,11:32:15
Friday,18:03:14
Friday,06:54:13
Monday,05:20:39
Wednesday,19:51:43
Thursday,08:51:28
Saturday,16:56:53
Tuesday,00:38:28
Thursday,16:22:39
Saturday,23:35:10
Sunday,00:01:46
Thursday,06:54:52
Wednesday,11:17:47
Friday,21:18:37
Saturday,02:55:47
Thursday,00:22:16
Tuesday,17:00:11
Saturday,02:29:07
Sunday,00:33:54
Thursday,03:53:39
Monday,02:45:47
Saturday,03:41:35
Thursday,03:06:55
Thursday,20:01:06
Thursday,02:09:26
Wednesday,13:12:09
Sunday,19:19:18
Sunday,22:45:41
Monday,23:39:03
Wednesday,16:00:15
Friday,17:34:29
Friday,02:12:10
Sunday,02:46:06
Wednesday,02:14:40
Sunday,01:16:23
Friday,14:25:35
Tuesday,22:15:19
Monday,01:50:54
Thursday,20:25:32
Friday,23:29:49
Thursday,08:44:00
Monday,16:33:09
Sunday,22:47:53
Friday,02:19:10
Wednesday,22:26:22
Monday,20:49:08
Monday,23:20:36
Saturday,20:57:13
Monday,23:03:23
Sunday,12:31:31
Tuesday,06:50:34
Wednesday,20:19:15
Monday,22:48:40
Sunday,08:32:44
Thursday,06:48:41
Tuesday,00:40:26
Thursday,23:02:03
Wednesday,23:56:15
Sunday,04:25:28
Thursday,20:56:05
Friday,04:00:00
Tuesday,20:48:41
Wednesday,22:50:49
Saturday,15:14:12
Wednesday,02:43:05
Thursday,04:00:00
Thursday,21:02:12
Sunday,22:09:34
Friday,00:18:37
Thursday,07:33:04
Thursday,22:24:51
Tuesday,04:24:26
Friday,17:43:06
Wednesday,20:41:13
Monday,23:51:46
Thursday,11:01:58
Wednesday,02:51:37
Thursday,05:02:05
Tuesday,18:42:11
Wednesday,16:27:56
Friday,16:01:01
Friday,16:35:38
Thursday,15:59:38
Monday,16:44:28
Monday,03:13:26
Friday,15:32:19
Sunday,20:28:47
Sunday,04:53:20
Monday,04:27:23
Wednesday,04:11:57
Tuesday,12:31:47
Sunday,09:30:04
Monday,18:20:32
Wednesday,03:58:23
Thursday,21:20:39
Thursday,15:18:49
Friday,14:55:44
Tuesday,03:10:13
Saturday,05:02:47
Thursday,00:43:09
Sunday,03:39:50
Monday,01:29:34
Monday,10:33:21
Sunday,16:38:49
Thursday,04:25:49
Tuesday,23:34:19
Friday,19:02:27
Saturday,17:08:21
Monday,22:15:59
Friday,20:29:14
Saturday,19:26:53
Thursday,19:04:30
Wednesday,10:02:03
Wednesday,11:21:31
Tuesday,02:36:34
Tuesday,23:42:06
Sunday,16:28:29
Thursday,22:25:25
Thursday,15:56:48
Monday,11:31:25
Monday,12:01:57
Tuesday,11:31:35
Tuesday,21:32:07
Wednesday,16:22:03
Friday,00:06:41
Saturday,01:20:07
Monday,01:34:04
Sunday,02:56:36
Wednesday,20:19:04
Tuesday,14:17:23
Tuesday,18:17:03
Saturday,01:11:18
Tuesday,00:00:50
Thursday,03:42:34
Sunday,22:54:08
Monday,05:07:32
Wednesday,18:19:12
Sunday,00:38:55
Wednesday,02:03:47
Saturday,15:25:00
Wednesday,17:50:16
Wednesday,12:41:14
Tuesday,16:58:56
Saturday,04:52:55
Sunday,00:33:05
Sunday,18:36:30
Tuesday,01:17:35
Monday,07:47:34
Friday,11:56:53
Monday,17:32:01
Wednesday,11:48:57
Tuesday,19:15:11
Monday,02:39:14
Tuesday,03:03:26
Monday,14:35:13
Friday,15:49:56
Friday,23:15:08
Monday,16:37:49
Tuesday,19:28:09
Sunday,00:11:49
Saturday,01:26:01
Friday,08:27:45
Tuesday,15:21:12
Tuesday,11:03:11
Wednesday,06:42:08
Monday,23:04:30
Wednesday,20:52:28
Friday,00:50:08
Monday,20:17:34
Monday,04:42:24
Saturday,07:53:24
Wednesday,20:01:47
Saturday,22:04:10
Saturday,01:53:11
Tuesday,16:32:57
Wednesday,05:01:38
Friday,01:44:15
Saturday,10:26:06
Friday,23:35:58
Tuesday,15:53:05
Sunday,22:17:33
Sunday,04:10:31
Sunday,13:21:41
Sunday,17:26:13
Friday,00:09:08
Saturday,20:25:57
Tuesday,14:22:00
Saturday,04:14:51
Monday,08:10:23
Sunday,14:48:41
Friday,03:53:53
Wednesday,08:27:38
Wednesday,15:11:26
Sunday,20:13:10
Saturday,02:24:17
Wednesday,17:55:00
Friday,06:00:15
Monday,15:59:05
Wednesday,18:35:53
Friday,21:22:03
Friday,06:33:14
Thursday,18:20:44
Monday,18:02:11
Friday,02:54:47
Wednesday,08:38:33
Friday,00:28:13
Monday,08:16:28
Tuesday,15:02:04
Monday,17:18:21
Monday,20:09:46
Thursday,02:35:51
Saturday,00:08:13
Monday,17:30:32
Thursday,21:21:22
Tuesday,16:08:00
Tuesday,02:05:54
Tuesday,18:13:12
Sunday,19:27:52
Tuesday,23:38:38
Wednesday,01:58:24
Tuesday,14:16:53
Tuesday,17:18:17
Saturday,23:18:42
Wednesday,21:53:13
Saturday,14:09:33
Monday,22:46:24
Wednesday,18:30:15
Monday,19:44:40
Monday,16:00:55
Saturday,00:57:33
Wednesday,03:09:43
Sunday,01:44:28
Friday,09:57:31
Thursday,14:10:23
Friday,01:04:23
Wednesday,05:52:50
Friday,23:28:14
Monday,18:01:47
Monday,04:45:09
Tuesday,02:44:12
Monday,20:37:37
Sunday,12:05:26
Tuesday,13:47:43
Thursday,07:29:23
Monday,17:12:38
Friday,13:06:12
Wednesday,20:54:41
Thursday,22:01:34
Friday,21:16:41
Saturday,04:28:48
Wednesday,15:21:30
Monday,16:43:01
Tuesday,20:38:20
Wednesday,00:42:54
Sunday,14:40:14
Thursday,20:42:04
Tuesday,01:29:53
Wednesday,04:04:55
Friday,18:21:11
Wednesday,00:46:35
Tuesday,00:28:12
Wednesday,22:49:50
Thursday,15:04:25
Friday,14:59:06
Friday,11:54:05
Wednesday,16:47:43
Thursday,21:09:45
Tuesday,21:47:42
Monday,15:36:39
Tuesday,18:12:14
Monday,23:01:04
Sunday,05:08:18
Saturday,18:16:27
Friday,03:42:12
Saturday,07:21:00
Wednesday,21:16:59
Tuesday,20:31:13
Tuesday,18:58:39
Tuesday,03:49:10
Monday,03:45:38
Sunday,14:34:24
Tuesday,12:31:36
Saturday,00:34:10
Sunday,06:11:14
Wednesday,05:50:37
Monday,06:24:13
Friday,19:48:53
Sunday,15:30:11
Wednesday,19:52:36
Saturday,21:24:20
Monday,18:59:01
Wednesday,15:22:45
Friday,00:45:16
Saturday,00:21:45
Sunday,06:16:17
Saturday,18:57:36
Sunday,17:52:02
Thursday,06:43:33
Monday,14:35:34
Friday,23:22:24
Thursday,20:21:56
Wednesday,16:01:58
Tuesday,21:01:43
Saturday,21:01:13
Tuesday,19:26:22
Sunday,23:38:30
Monday,00:30:11
Thursday,23:12:53
Sunday,06:53:20
Wednesday,02:42:54
Wednesday,14:41:37
Tuesday,23:35:05
Wednesday,21:05:10
Tuesday,18:27:38
Monday,18:02:29
Tuesday,12:02:25
Wednesday,21:21:47
Tuesday,01:11:45
Thursday,02:45:21
Saturday,20:44:00
Wednesday,09:38:11
Friday,20:10:53
Wednesday,14:31:35
Saturday,05:36:12
Sunday,05:00:00
Tuesday,19:22:39
Thursday,00:11:34
Sunday,21:58:18
Saturday,17:38:52
Tuesday,09:55:10
Tuesday,15:37:23
Thursday,17:44:56
Sunday,00:22:27
Sunday,11:31:40
Monday,19:47:08
Tuesday,00:35:23
Tuesday,04:42:54
Thursday,20:57:49
Monday,22:59:05
Friday,08:05:10
Wednesday,22:19:30
Friday,18:19:02
Thursday,02:58:27
Tuesday,09:02:04
Monday,16:15:02
Tuesday,11:35:52
Sunday,21:56:46
Wednesday,16:03:16
Friday,14:56:48
Tuesday,05:07:01
Monday,18:56:31
Wednesday,23:31:19
Wednesday,22:40:42
Wednesday,17:30:27
Thursday,13:41:27
Thursday,00:02:09
Monday,04:39:22
Wednesday,17:40:45
Monday,01:14:50
Sunday,21:31:17
Sunday,19:39:47
Sunday,18:03:39
Tuesday,19:46:48
Tuesday,20:13:17
Monday,16:35:03
Tuesday,20:53:05
Sunday,03:08:53
Monday,19:41:38
Wednesday,05:36:30
Monday,09:50:56
Tuesday,16:52:40
Wednesday,17:35:43
Thursday,09:58:51
Wednesday,10:32:00
Friday,21:17:25
Friday,19:39:02
Sunday,12:52:53
Friday,15:06:09
Thursday,03:08:29
Wednesday,09:04:30
Saturday,08:08:02
Sunday,22:05:51
Thursday,00:44:40
Thursday,12:11:26
Tuesday,19:51:33
Friday,16:56:08
Tuesday,16:09:36
Saturday,17:00:10
Wednesday,17:21:34
Wednesday,14:01:27
Thursday,07:45:56
Thursday,17:24:57
Sunday,12:15:26
Monday,21:44:56
Thursday,21:11:20
Monday,17:24:20
Sunday,06:45:55
Thursday,21:41:51
Wednesday,18:56:57
Friday,00:00:23
Monday,00:25:19
Friday,21:36:04
Thursday,02:56:36
Monday,16:32:39
Thursday,23:45:53
Friday,12:58:09
Sunday,17:21:28
Wednesday,13:31:10
Friday,08:32:33
Saturday,07:10:44
Thursday,20:08:30
Saturday,00:27:19
Sunday,09:06:59
Saturday,02:16:14
Saturday,19:59:52
Friday,21:44:15
Monday,01:57:08
Sunday,19:51:11
Saturday,20:24:01
Thursday,02:59:02
Sunday,01:36:06
Thursday,20:41:56
Thursday,21:59:51
Thursday,21:14:31
Saturday,04:15:32
Tuesday,13:18:13
Wednesday,02:17:20
Sunday,20:45:34
Wednesday,17:16:21
Sunday,09:50:10
Wednesday,12:21:57
Thursday,02:22:39
Sunday,02:56:24
Sunday,23:29:07
Friday,18:14:13
Saturday,08:15:38
Wednesday,09:30:32
Sunday,20:49:52
Wednesday,02:56:41
Monday,13:40:05
Wednesday,06:18:11
Monday,19:46:54
Monday,15:54:29
Sunday,10:59:59
Friday,20:24:21
Sunday,21:31:29
Friday,20:51:52
Monday,11:46:29
Saturday,18:13:05
Saturday,23:23:56
Monday,12:20:52
Tuesday,22:03:02
Thursday,02:56:16
Tuesday,22:19:40
Friday,18:20:03
Saturday,17:02:22
Tuesday,13:01:42
Thursday,11:41:18
Friday,11:42:00
Saturday,20:22:20
Tuesday,22:02:06
Monday,21:38:42
Thursday,20:33:51
Saturday,01:11:27
Friday,16:02:41
Thursday,13:24:52
Tuesday,09:49:06
Monday,20:20:02
Monday,02:56:03
Thursday,03:35:40
Friday,19:32:45
Tuesday,06:01:37
Sunday,11:29:05
Wednesday,17:20:38
Monday,19:49:44
Tuesday,13:34:26
Thursday,02:03:45
Saturday,00:59:51
Sunday,00:01:56
Monday,18:48:08
Sunday,17:14:04
Tuesday,01:57:43
Tuesday,16:01:14
Sunday,02:19:53
Thursday,01:33:21
Tuesday,13:09:56
Friday,19:18:22
Sunday,14:28:04
Tuesday,07:09:17
Saturday,21:03:01
Thursday,23:55:19
Friday,17:11:59
Wednesday,09:53:58
Tuesday,20:07:01
Friday,06:28:33
Sunday,21:51:38
Tuesday,16:29:20
Sunday,23:34:33
Monday,05:50:19
Saturday,21:20:14
Friday,17:19:37
Tuesday,13:30:25
Friday,06:37:16
Monday,00:25:38
Monday,18:21:21
Friday,02:56:20
Thursday,18:20:00
Sunday,01:58:44
Monday,16:03:04
Thursday,20:38:11
Thursday,01:24:30
Sunday,03:27:49
Friday,21:26:45
Monday,19:55:34
Tuesday,03:33:55
Thursday,05:38:08
Friday,22:55:43
Wednesday,13:32:19
Friday,10:01:38
Tuesday,14:17:32
Tuesday,22:09:03
Saturday,03:23:17
Wednesday,12:06:42
Thursday,02:48:02
Tuesday,10:24:17
Monday,13:37:17
Tuesday,19:26:49
Thursday,06:02:21
Tuesday,02:26:58
Saturday,21:54:46
Saturday,23:12:52
Thursday,03:35:04
Sunday,23:10:35
Wednesday,19:08:57
Saturday,15:44:43
Friday,15:31:50
Saturday,10:00:30
Wednesday,08:24:57
Wednesday,13:18:30
Wednesday,22:56:14
Wednesday,16:01:39
Monday,09:00:17
Wednesday,06:03:40
Wednesday,20:10:21
Saturday,06:41:28
Friday,21:07:25
Monday,06:36:02
Wednesday,13:37:01
Wednesday,03:18:48
Tuesday,22:32:29
Thursday,17:52:07
Wednesday,21:24:15
Sunday,22:34:03
Friday,00:39:43
Monday,20:48:18
Saturday,14:02:41
Friday,00:02:30
Monday,01:29:24
Wednesday,14:47:22
Saturday,22:13:18
Sunday,17:58:32
Monday,23:47:56
Wednesday,17:41:46
Wednesday,15:41:30
Wednesday,20:37:38
Wednesday,06:33:59
Monday,16:45:49
Monday,16:48:11
Friday,19:04:00
Friday,21:09:00
Sunday,18:30:22
Monday,04:00:00
Saturday,17:16:57
Friday,20:56:45
Thursday,22:22:20
Wednesday,22:01:24
Thursday,06:59:38
Monday,00:28:44
Monday,15:05:48
Wednesday,14:11:07
Wednesday,10:01:04
Monday,12:21:24
Tuesday,17:15:41
Thursday,07:52:21
Wednesday,08:21:19
Wednesday,10:54:16
Sunday,23:43:09
Sunday,14:38:57
Tuesday,04:09:05
Saturday,08:34:20
Thursday,19:44:55
Wednesday,04:12:26
Wednesday,00:12:43
Monday,22:56:37
Wednesday,02:03:46
Friday,21:25:07
Thursday,04:39:06
Thursday,06:58:31
Wednesday,16:27:55
Sunday,19:20:47
Wednesday,15:55:05
Saturday,21:15:31
Monday,00:34:56
Sunday,12:25:27
Friday,00:38:33
Friday,18:15:24
Sunday,09:09:36
Tuesday,03:13:22
Sunday,02:26:30
Thursday,00:33:28
Thursday,12:02:23
Wednesday,17:24:10
Wednesday,11:46:06
Thursday,19:57:38
Thursday,23:16:49
Thursday,20:01:34
Friday,12:32:13
Sunday,23:16:33
Sunday,00:59:15
Monday,03:03:59
Sunday,07:27:41
Saturday,10:54:33
Friday,20:39:08
Friday,20:21:32
Wednesday,13:10:47
Saturday,11:04:36
Wednesday,11:32:52
Tuesday,18:40:30
Tuesday,20:33:00
Monday,00:31:20
Wednesday,09:30:18
Tuesday,10:06:55
Wednesday,16:37:30
Saturday,11:35:37
Thursday,20:43:37
Sunday,14:41:32
Thursday,17:57:34
Sunday,21:41:11
Saturday,04:11:32
Thursday,05:52:43
Tuesday,00:41:14
Friday,23:59:15
Saturday,21:35:55
Saturday,19:55:26
Wednesday,06:19:20
Thursday,01:01:37
Monday,11:21:48
Monday,23:16:48
Tuesday,20:58:46
Sunday,01:04:03
Sunday,21:54:26
Friday,01:29:33
Tuesday,18:50:21
Monday,20:05:04
Saturday,19:03:34
Thursday,02:54:07
Wednesday,23:18:13
Wednesday,21:16:32
Tuesday,01:38:15
Tuesday,01:36:30
Thursday,14:27:31
Friday,13:53:41
Saturday,21:29:45
Wednesday,20:44:01
Friday,14:56:52
Tuesday,22:39:32
Sunday,06:12:51
Tuesday,00:18:52
Monday,23:57:31
Sunday,09:34:48
Thursday,21:28:34
Friday,16:18:35
Thursday,23:23:01
Wednesday,14:21:07
Thursday,22:32:55
Thursday,22:21:08
Monday,19:05:46
Monday,16:45:21
Tuesday,16:28:50
Tuesday,08:39:26
Sunday,11:05:21
Saturday,21:37:23
Thursday,23:01:50
Thursday,14:59:30
Saturday,16:20:01
Saturday,15:50:28
Saturday,15:26:08
Sunday,02:35:59
Thursday,16:57:54
Sunday,11:42:43
Friday,00:18:02
Friday,01:42:57
Wednesday,19:36:30
Tuesday,19:29:34
Monday,03:08:59
Tuesday,20:44:57
Sunday,14:42:35
Monday,15:07:07
Monday,19:11:27
Monday,21:50:00
Friday,01:08:10
Thursday,03:33:24
Friday,03:09:55
Tuesday,01:04:02
Thursday,23:51:12
Friday,02:32:20
Saturday,22:04:59
Monday,02:43:27
Tuesday,17:51:25
Wednesday,22:36:36
Friday,04:39:36
Thursday,01:49:11
Tuesday,14:56:01
Friday,10:37:58
Sunday,03:21:30
Monday,01:59:34
Tuesday,17:53:20
Wednesday,04:43:10
Thursday,16:52:55
Friday,18:34:19
Thursday,14:01:57
Friday,22:13:55
Saturday,22:54:01
Wednesday,03:41:38
Tuesday,02:01:50
Tuesday,01:30:41
Thursday,11:36:18
Thursday,20:21:32
Wednesday,12:42:44
Friday,15:21:32
Sunday,20:42:12
Tuesday,12:45:05
Tuesday,21:32:57
Friday,20:09:08
Monday,12:21:51
Monday,01:14:35
Monday,15:17:05
Thursday,17:53:37
Tuesday,20:32:44
Wednesday,14:06:15
Wednesday,15:45:50
Wednesday,02:36:22
Thursday,14:43:02
Thursday,23:31:00
Tuesday,14:07:26
Monday,12:21:31
Friday,20:30:03
Saturday,02:06:09
Friday,05:29:09
Saturday,15:48:46
Thursday,11:32:14
Thursday,23:51:38
Friday,12:22:18
Sunday,22:57:07
Friday,20:07:00
Tuesday,17:43:11
Wednesday,01:02:02
Friday,23:09:00
Thursday,20:40:46
Friday,12:01:49
Wednesday,04:02:40
Wednesday,16:05:30
Wednesday,04:50:18
Wednesday,19:49:18
Sunday,22:26:22
Sunday,21:40:18
Saturday,17:44:48
Tuesday,22:19:31
Friday,05:12:28
Wednesday,11:48:41
Thursday,22:44:49
Sunday,15:23:06
Tuesday,02:31:04
Monday,04:27:52
Friday,00:21:03
Thursday,06:18:28
Wednesday,16:54:27
Saturday,22:01:19
Tuesday,02:52:56
Tuesday,01:11:50
Saturday,01:56:55
Saturday,01:41:42
Saturday,23:37:03
Wednesday,00:31:44
Tuesday,03:24:45
Thursday,21:25:57
Sunday,17:51:04
Friday,21:20:00
Tuesday,05:48:11
Friday,20:40:50
Monday,05:35:37
Friday,20:01:38
Tuesday,13:14:12
Saturday,16:14:43
Tuesday,01:37:28
Friday,18:28:42
Monday,22:05:01
Saturday,21:41:28
Tuesday,22:42:12
Sunday,03:27:29
Saturday,12:40:55
Monday,22:07:38
Tuesday,19:27:44
Wednesday,04:05:05
Saturday,04:08:45
Thursday,18:40:52
Wednesday,19:01:35
Tuesday,14:08:47
Tuesday,17:47:56
Friday,04:42:34
Saturday,23:38:54
Tuesday,16:52:15
Thursday,21:15:37
Tuesday,15:36:01
Monday,16:46:51
Tuesday,01:04:07
Wednesday,01:18:42
Saturday,22:17:36
Thursday,12:36:51
Sunday,21:10:02
Monday,10:27:31
Friday,04:16:55
Thursday,20:23:34
Friday,20:02:09
Friday,18:16:52
Saturday,11:05:02
Friday,03:14:12
Saturday,00:08:43
Thursday,14:40:46
Wednesday,23:57:16
Wednesday,07:06:33
Friday,07:52:21
Thursday,20:29:32
Saturday,02:34:42
Wednesday,23:41:34
Friday,19:41:04
Tuesday,02:46:54
Tuesday,05:23:43
Tuesday,02:46:33
Thursday,18:16:54
Monday,22:46:37
Friday,10:53:31
Friday,04:22:26
Friday,20:15:10
Sunday,04:02:11
Monday,02:22:33
Tuesday,02:01:02
Saturday,17:46:02
Monday,21:11:39
Tuesday,16:31:32
Wednesday,14:04:24
Wednesday,15:32:03
Friday,16:24:54
Friday,16:42:24
Friday,19:18:05
Wednesday,05:04:05
Friday,02:03:20
Friday,03:44:01
Tuesday,11:01:59
Friday,19:46:08
Thursday,05:57:15
Monday,07:56:01
Monday,03:04:40
Saturday,21:26:28
Sunday,18:22:28
Tuesday,11:16:39
Wednesday,15:19:00
Tuesday,18:59:34
Monday,00:50:29
Friday,17:16:28
Saturday,21:04:42
Sunday,19:39:55
Monday,09:56:43
Tuesday,19:58:07
Thursday,20:28:45
Friday,17:51:59
Tuesday,02:23:17
Saturday,15:09:23
Tuesday,01:26:34
Monday,08:04:48
Saturday,19:42:42
Sunday,00:58:45
Friday,12:35:40
Tuesday,21:42:12
Friday,08:39:20
Monday,21:06:36
Tuesday,22:49:45
Tuesday,11:31:15
Wednesday,17:40:59
Saturday,02:45:10
Tuesday,00:37:23
Friday,15:00:05
Monday,14:13:25
Friday,02:01:45
Sunday,18:43:03
Wednesday,22:38:21
Saturday,02:15:29
Monday,01:24:33
Monday,16:28:24
Monday,03:53:33
Thursday,22:15:45
Wednesday,23:31:57
Monday,19:12:08
Thursday,00:40:47
Thursday,03:58:47
Friday,20:35:30
Tuesday,18:42:46
Wednesday,05:22:41
Sunday,23:38:06
Saturday,21:41:34
Wednesday,19:19:35
Friday,13:45:35
Sunday,21:12:21
Wednesday,03:43:54
Sunday,22:01:03
Saturday,01:26:39
Tuesday,12:05:00
Wednesday,05:27:46
Tuesday,15:42:02
Saturday,08:24:42
Friday,01:54:10
Saturday,16:42:51
Monday,19:48:35
Sunday,06:24:01
Friday,18:14:37
Monday,23:18:00
Wednesday,13:45:47
Friday,01:55:01
Thursday,23:49:51
Wednesday,20:25:38
Friday,04:00:51
Sunday,09:35:23
Thursday,20:07:04
Friday,18:55:32
Monday,17:13:47
Wednesday,12:57:00
Saturday,23:23:57
Monday,18:42:02
Monday,21:21:51
Sunday,00:42:37
Thursday,19:53:04
Friday,18:50:33
Thursday,18:06:48
Monday,11:36:17
Tuesday,23:00:00
Wednesday,22:44:24
Monday,07:57:10
Friday,22:01:02
Monday,07:01:35
Thursday,22:35:43
Thursday,18:40:35
Thursday,21:32:23
Friday,14:47:16
Wednesday,01:09:35
Saturday,15:45:34
Sunday,02:50:03
Saturday,09:44:32
Thursday,12:07:08
Wednesday,16:40:55
Thursday,23:31:21
Tuesday,18:42:31
Saturday,23:45:06
Thursday,05:51:26
Tuesday,12:42:03
Friday,00:16:14
Thursday,15:26:22
Monday,13:41:33
Saturday,20:00:17
Thursday,18:48:18
Monday,18:19:41
Tuesday,18:02:03
Wednesday,18:23:26
Tuesday,17:21:40
Tuesday,12:47:53
Wednesday,15:14:34
Wednesday,23:22:59
Friday,14:45:23
Thursday,13:16:14
Wednesday,01:00:16
Wednesday,18:23:02
Sunday,19:28:59
Saturday,01:46:39
Tuesday,18:19:09
Saturday,02:58:17
Wednesday,10:24:05
Tuesday,21:21:46
Saturday,15:09:12
Wednesday,23:17:37
Saturday,01:35:11
Friday,22:10:53
Monday,22:27:50
Monday,01:24:42
Monday,20:20:11
Tuesday,03:22:02
Thursday,04:39:28
Sunday,20:33:38
Saturday,00:55:03
Sunday,22:52:14
Monday,17:08:13
Monday,10:55:28
Tuesday,20:43:32
Tuesday,16:35:35
Sunday,00:33:47
Tuesday,00:27:36
Monday,17:23:21
Wednesday,16:45:49
Thursday,10:12:41
Thursday,02:13:09
Monday,19:21:29
Wednesday,20:39:26
Wednesday,20:10:47
Friday,20:42:03
Saturday,02:32:36
Thursday,17:28:22
Tuesday,18:40:00
Friday,20:19:37
Thursday,06:59:27
Thursday,21:16:28
Wednesday,23:20:01
Thursday,14:41:16
Thursday,04:14:36
Wednesday,02:44:24
Saturday,02:21:41
Saturday,08:57:02
Tuesday,10:01:56
Saturday,01:31:02
Sunday,11:41:09
Sunday,14:58:55
Tuesday,21:08:24
Sunday,17:27:22
Tuesday,01:32:19
Tuesday,00:18:18
Sunday,08:13:53
Saturday,03:43:41
Friday,23:42:42
Thursday,08:06:31
Saturday,14:41:48
Monday,23:50:47
Thursday,16:03:15
Friday,16:31:38
Wednesday,05:02:36
Wednesday,00:37:41
Wednesday,18:17:16
Friday,02:22:35
Wednesday,19:31:48
Thursday,22:40:46
Friday,23:25:22
Friday,21:56:44
Saturday,23:15:45
Thursday,12:42:01
Friday,06:51:59
Thursday,22:58:56
Saturday,16:50:56
Wednesday,13:21:39
Wednesday,20:59:23
Saturday,21:49:27
Friday,16:16:19
Saturday,00:21:36
Thursday,21:48:49
Wednesday,02:27:05
Thursday,12:22:12
Tuesday,09:27:05
Monday,20:47:08
Thursday,14:22:12
Wednesday,12:21:43
Thursday,16:14:48
Tuesday,16:07:47
Sunday,22:33:59
Monday,22:53:42
Thursday,22:31:31
Monday,20:06:49
Saturday,23:37:32
Monday,04:54:44
Monday,01:49:15
Wednesday,00:47:15
Thursday,12:39:48
Tuesday,23:13:31
Wednesday,13:56:47
Thursday,19:17:46
Saturday,23:48:33
Wednesday,01:11:29
Thursday,23:27:42
Friday,17:22:49
Friday,22:24:58
Friday,13:00:02
Sunday,01:50:34
Wednesday,21:40:13
Thursday,16:55:12
Wednesday,22:02:13
Saturday,03:19:21
Thursday,16:54:01
Tuesday,01:38:25
Monday,03:57:18
Saturday,03:41:41
Friday,12:31:28
Monday,09:09:23
Monday,20:24:06
Thursday,22:27:46
Thursday,04:30:35
Wednesday,14:37:21
Tuesday,01:22:41
Wednesday,17:21:39
Thursday,05:26:54
Saturday,09:05:52
Wednesday,14:21:29
Monday,01:59:40
Friday,02:35:25
Saturday,22:53:27
Wednesday,21:27:29
Wednesday,19:00:28
Monday,20:57:06
Sunday,15:40:13
Saturday,23:33:05
Thursday,03:46:37
Wednesday,19:50:30
Thursday,21:46:52
Friday,22:16:29
Tuesday,05:41:12
Saturday,16:55:30
Friday,13:58:02
Thursday,14:51:36
Tuesday,18:15:58
Friday,09:58:41
Friday,02:18:49
Saturday,17:05:31
Tuesday,22:31:49
Saturday,02:53:46
Thursday,20:25:37
Sunday,03:32:40
Friday,12:31:31
Saturday,08:46:37
Friday,04:52:41
Thursday,03:52:34
Tuesday,00:48:48
Tuesday,17:02:31
Friday,14:56:42
Friday,18:44:53
Tuesday,10:35:05
Saturday,14:00:17
Saturday,19:19:13
Sunday,08:05:55
Friday,09:22:25
Friday,00:38:46
Thursday,06:34:21
Tuesday,21:43:06
Saturday,18:31:59
Wednesday,02:20:11
Sunday,08:49:40
Sunday,21:57:36
Saturday,23:20:39
Wednesday,14:04:53
Thursday,22:00:14
Monday,08:08:58
Thursday,16:53:06
Friday,03:25:38
Monday,12:40:41
Thursday,15:21:50
Saturday,10:55:42
Tuesday,04:07:17
Saturday,15:08:19
Saturday,01:09:50
Friday,20:19:30
Friday,15:01:42
Friday,19:22:00
Wednesday,01:08:56
Wednesday,06:56:01
Thursday,20:10:50
Thursday,22:23:21
Thursday,00:31:43
Sunday,19:44:41
Saturday,11:16:37
Friday,01:59:46
Friday,22:24:07
Friday,19:28:01
Monday,18:31:30
Monday,19:07:35
Saturday,14:27:15
Saturday,08:36:49
Wednesday,00:15:47
Friday,00:59:13
Wednesday,20:20:30
Friday,20:54:38
Thursday,17:23:49
Tuesday,03:46:23
Monday,02:17:44
Sunday,07:21:33
Wednesday,09:21:38
Thursday,06:10:34
Friday,21:27:48
Sunday,02:33:18
Friday,05:25:34
Thursday,18:01:07
Saturday,21:07:53
Saturday,21:40:14
Thursday,18:29:30
Monday,16:25:56
Monday,22:57:24
Thursday,04:05:28
Thursday,00:34:16
Monday,21:04:47
Monday,02:13:31
Saturday,15:05:37
Monday,18:01:54
Monday,22:53:59
Saturday,02:31:16
Wednesday,03:49:19
Monday,12:32:02
Monday,21:39:45
Sunday,20:30:36
Friday,15:12:57
Monday,00:49:39
Saturday,23:04:30
Thursday,23:27:04
Saturday,21:23:29
Thursday,11:42:18
Monday,20:16:09
Tuesday,15:39:44
Thursday,20:27:24
Sunday,21:25:06
Sunday,21:01:08
Friday,21:59:44
Saturday,19:20:32
Sunday,14:58:29
Thursday,13:09:18
Thursday,15:50:27
Saturday,04:33:45
Saturday,07:09:31
Saturday,15:39:16
Friday,00:36:20
Monday,19:22:57
Wednesday,19:34:56
Wednesday,06:41:34
Friday,01:15:51
Thursday,20:49:02
Saturday,19:25:08
Tuesday,17:20:39
Friday,13:12:03
Thursday,04:14:19
Saturday,00:11:17
Friday,02:31:18
Thursday,05:58:26
Tuesday,21:07:06
Tuesday,20:02:04
Thursday,14:42:53
Thursday,19:04:12
Friday,20:29:02
Friday,22:23:17
Saturday,14:20:10
Friday,18:17:49
Wednesday,18:52:34
Wednesday,17:05:09
Tuesday,20:42:54
Wednesday,22:48:28
Thursday,04:49:11
Thursday,01:54:05
Wednesday,23:11:38
Saturday,02:31:27
Tuesday,11:26:25
Wednesday,22:48:50
Friday,21:00:55
Monday,22:02:44
Wednesday,07:27:49
Tuesday,00:05:21
Thursday,13:15:13
Saturday,00:21:50
Thursday,03:57:04
Friday,20:22:29
Tuesday,05:06:31
Friday,14:34:59
Thursday,21:29:14
Friday,17:09:46
Friday,17:44:38
Saturday,01:21:30
Wednesday,10:18:45
Saturday,18:53:10
Monday,23:42:09
Friday,14:28:34
Tuesday,21:31:56
Thursday,18:47:30
Friday,05:56:42
Friday,09:11:58
Friday,08:11:31
Tuesday,19:46:38
Friday,13:22:50
Wednesday,05:38:16
Thursday,14:37:05
Tuesday,03:42:39
Tuesday,23:53:18
Wednesday,21:18:46
Saturday,02:48:05
Wednesday,22:13:46
Thursday,21:51:57
Thursday,03:26:14
Thursday,12:42:19
Thursday,01:10:46
Thursday,02:46:43
Tuesday,18:00:21
Tuesday,01:37:12
Wednesday,22:19:04
Friday,13:49:21
Thursday,04:41:50
Wednesday,16:02:25
Friday,15:11:27
Friday,02:14:08
Monday,01:37:53
Saturday,11:07:30
Tuesday,06:59:28
Saturday,20:36:15
Saturday,21:22:43
Friday,23:51:09
Saturday,21:55:40
Friday,06:19:08
Friday,22:36:35
Monday,16:10:59
Friday,18:39:31
Thursday,21:39:53
Monday,23:00:38
Sunday,21:42:10
Tuesday,22:14:18
Wednesday,20:15:40
Wednesday,23:21:46
Saturday,23:52:14
Monday,20:50:42
Saturday,03:48:20
Tuesday,20:21:47
Friday,23:22:20
Friday,20:09:56
Tuesday,01:30:49
Sunday,00:20:45
Wednesday,11:32:19
Thursday,23:11:15
Tuesday,19:53:43
Friday,19:02:42
Monday,02:17:25
Saturday,21:27:14
Tuesday,19:55:42
Saturday,03:26:11
Wednesday,22:34:13
Tuesday,10:11:19
Saturday,22:26:56
Sunday,09:07:56
Thursday,05:52:39
Saturday,22:13:25
Monday,02:23:27
Friday,05:51:09
Friday,14:14:12
Thursday,21:01:34
Wednesday,16:15:23
Saturday,17:54:34
Sunday,17:54:45
Saturday,08:27:22
Wednesday,00:08:59
Sunday,00:37:38
Thursday,08:22:09
Saturday,15:43:30
Wednesday,17:26:05
Saturday,01:09:22
Tuesday,12:02:00
Saturday,17:18:22
Tuesday,20:43:37
Thursday,02:55:07
Wednesday,13:46:54
Friday,21:45:25
Saturday,16:14:18
Saturday,16:01:12
Tuesday,23:26:46
Wednesday,23:39:34
Wednesday,21:54:50
Wednesday,12:59:59
Thursday,20:29:09
Saturday,04:50:48
Thursday,09:08:23
Thursday,05:44:54
Monday,03:46:00
Tuesday,21:16:19
Saturday,00:58:18
Tuesday,23:34:55
Thursday,15:56:02
Tuesday,22:07:13
Monday,17:41:56
Wednesday,23:59:51
Thursday,03:24:26
Friday,06:44:45
Wednesday,08:46:52
Saturday,01:06:34
Friday,18:42:08
Wednesday,01:58:23
Monday,07:20:35
Tuesday,03:01:15
Wednesday,22:00:47
Saturday,21:21:20
Saturday,15:38:46
Monday,07:02:01
Wednesday,02:32:04
Wednesday,23:26:56
Wednesday,18:27:25
Wednesday,13:26:43
Wednesday,14:02:25
Thursday,23:08:57
Monday,02:37:05
Saturday,17:17:11
Monday,17:29:18
Wednesday,03:44:17
Thursday,13:03:54
Tuesday,18:35:55
Wednesday,23:41:16
Wednesday,15:23:31
Wednesday,00:41:13
Friday,20:52:17
Tuesday,01:21:06
Wednesday,16:04:07
Monday,16:47:44
Wednesday,15:23:48
Sunday,18:18:30
Wednesday,04:07:20
Friday,23:24:15
Tuesday,14:46:46
Wednesday,19:32:58
Wednesday,19:30:12
Tuesday,03:19:15
Tuesday,19:48:41
Friday,10:41:10
Tuesday,22:02:57
Saturday,15:51:23
Monday,19:47:36
Friday,17:11:32
Sunday,15:39:33
Thursday,18:56:00
Monday,22:37:16
Friday,19:16:55
Thursday,16:37:58
Friday,21:32:24
Monday,18:42:45
Thursday,23:08:18
Wednesday,16:35:16
Monday,01:30:59
Thursday,21:41:06
Sunday,02:41:56
Saturday,02:53:43
Monday,21:49:15
Friday,13:45:40
Wednesday,22:06:56
Tuesday,19:22:22
Wednesday,21:22:20
Sunday,23:42:18
Friday,15:16:26
Friday,18:15:49
Tuesday,18:22:10
Friday,06:44:52
